id,chamber
21,ZH_SVG_001
63,ZH_SVG_001
64,ZH_SVG_001
67,ZH_SVG_001
127,ZH_SVG_001
137,ZH_SVG_001
144,ZH_SVG_001
146,ZH_SVG_001
148,ZH_SVG_001
197,ZH_SVG_001
202,ZH_SVG_001
211,ZH_SVG_001
214,ZH_SVG_001
225,ZH_SVG_001
236,ZH_SVG_001
260,ZH_SVG_001
275,ZH_SVG_001
292,ZH_SVG_001
337,ZH_SVG_001
376,ZH_SVG_001
384,ZH_SVG_001
389,ZH_SVG_001
397,ZH_SVG_001
400,ZH_SVG_001
430,ZH_SVG_001
438,ZH_SVG_001
483,ZH_SVG_001
488,ZH_SVG_001
498,ZH_SVG_001
500,ZH_SVG_001
506,ZH_SVG_001
519,ZH_SVG_001
522,ZH_SVG_001
545,ZH_SVG_001
580,ZH_SVG_001
583,ZH_SVG_001
591,ZH_SVG_001
640,ZH_SVG_001
661,ZH_SVG_001
673,ZH_SVG_001
676,ZH_SVG_001
687,ZH_SVG_001
716,ZH_SVG_001
730,ZH_SVG_001
741,ZH_SVG_001
783,ZH_SVG_001
788,ZH_SVG_001
791,ZH_SVG_001
795,ZH_SVG_001
798,ZH_SVG_001
833,ZH_SVG_001
845,ZH_SVG_001
866,ZH_SVG_001
873,ZH_SVG_001
895,ZH_SVG_001
933,ZH_SVG_001
934,ZH_SVG_001
958,ZH_SVG_001
984,ZH_SVG_001
1007,ZH_SVG_001
1013,ZH_SVG_001
1033,ZH_SVG_001
1035,ZH_SVG_001
1064,ZH_SVG_001
1098,ZH_SVG_001
1115,ZH_SVG_001
1119,ZH_SVG_001
1127,ZH_SVG_001
1135,ZH_SVG_001
1220,ZH_SVG_001
1228,ZH_SVG_001
1236,ZH_SVG_001
1241,ZH_SVG_001
1255,ZH_SVG_001
1257,ZH_SVG_001
1282,ZH_SVG_001
1286,ZH_SVG_001
1305,ZH_SVG_001
1310,ZH_SVG_001
1310,ZH_SVG_001
1311,ZH_SVG_001
1317,ZH_SVG_001
1333,ZH_SVG_001
1356,ZH_SVG_001
1359,ZH_SVG_001
1360,ZH_SVG_001
1361,ZH_SVG_001
1368,ZH_SVG_001
1404,ZH_SVG_001
1412,ZH_SVG_001
1421,ZH_SVG_001
1421,ZH_SVG_001
1464,ZH_SVG_001
1467,ZH_SVG_001
1475,ZH_SVG_001
1484,ZH_SVG_001
1492,ZH_SVG_001
1501,ZH_SVG_001
1504,ZH_SVG_001
1505,ZH_SVG_001
1516,ZH_SVG_001
1545,ZH_SVG_001
1561,ZH_SVG_001
1561,ZH_SVG_001
1575,ZH_SVG_001
1596,ZH_SVG_001
1617,ZH_SVG_001
1620,ZH_SVG_001
1630,ZH_SVG_001
1663,ZH_SVG_001
1685,ZH_SVG_001
1696,ZH_SVG_001
1700,ZH_SVG_001
1711,ZH_SVG_001
1732,ZH_SVG_001
1740,ZH_SVG_001
1771,ZH_SVG_001
1776,ZH_SVG_001
1797,ZH_SVG_001
1799,ZH_SVG_001
1832,ZH_SVG_001
1838,ZH_SVG_001
1841,ZH_SVG_001
1853,ZH_SVG_001
1863,ZH_SVG_001
1868,ZH_SVG_001
1870,ZH_SVG_001
1909,ZH_SVG_001
1928,ZH_SVG_001
1931,ZH_SVG_001
1945,ZH_SVG_001
2000,ZH_SVG_001
2001,ZH_SVG_001
2022,ZH_SVG_001
2041,ZH_SVG_001
2047,ZH_SVG_001
2048,ZH_SVG_001
2057,ZH_SVG_001
2061,ZH_SVG_001
2079,ZH_SVG_001
2131,ZH_SVG_001
2171,ZH_SVG_001
2177,ZH_SVG_001
2178,ZH_SVG_001
2199,ZH_SVG_001
2225,ZH_SVG_001
2242,ZH_SVG_001
2247,ZH_SVG_001
2262,ZH_SVG_001
2266,ZH_SVG_001
2306,ZH_SVG_001
2319,ZH_SVG_001
2330,ZH_SVG_001
2372,ZH_SVG_001
2518,ZH_SVG_001
2538,ZH_SVG_001
2588,ZH_SVG_001
2661,ZH_SVG_001
2776,ZH_SVG_001
2826,ZH_SVG_001
2827,ZH_SVG_001
2968,ZH_SVG_001
2983,ZH_SVG_001
2985,ZH_SVG_001
3100,ZH_SVG_001
3138,ZH_SVG_001
3159,ZH_SVG_001
3219,ZH_SVG_001
3259,ZH_SVG_001
3319,ZH_SVG_001
3419,ZH_SVG_001
3423,ZH_SVG_001
3475,ZH_SVG_001
3492,ZH_SVG_001
3531,ZH_SVG_001
3570,ZH_SVG_001
3628,ZH_SVG_001
3671,ZH_SVG_001
3722,ZH_SVG_001
3811,ZH_SVG_001
3926,ZH_SVG_001
3992,ZH_SVG_001
4047,ZH_SVG_001
4170,ZH_SVG_001
4225,ZH_SVG_001
4228,ZH_SVG_001
4291,ZH_SVG_001
4313,ZH_SVG_001
4401,ZH_SVG_001
4483,ZH_SVG_001
4536,ZH_SVG_001
4538,ZH_SVG_001
4694,ZH_SVG_001
4718,ZH_SVG_001
4732,ZH_SVG_001